{
  "accuracy": 0.9840637450199203,
  "precision": 0.9809438737531636,
  "recall": 0.9871161048689139,
  "f1": 0.9840203106332138,
  "confusion_matrix": [
    [
      13251,
      256
    ],
    [
      172,
      13178
    ]
  ],
  "notes": [
    "This follows the Kaggle notebook"
  ],
  "features_used": [
    "Type",
    "Air temperature [K]",
    "Process temperature [K]",
    "Rotational speed [rpm]",
    "Torque [Nm]",
    "Tool wear [min]"
  ]
}